<?xml version="1.0" encoding="UTF-8"?>
<!DOCTYPE mapper
  PUBLIC "-//mybatis.org//DTD Mapper 3.0//EN"
  "http://mybatis.org/dtd/mybatis-3-mapper.dtd">



<mapper namespace="com.bwf.mapper.UserMapper">
	<!-- 默认有一个空的构造方法，当有构造方法，需要创建一个无参构造 -->
	<!-- <resultMap type="com.bwf.bean.User" id="getUserAllMap"> <result column="id" 
		property="userId"/> </resultMap> -->

	<!-- 商品-类型-映射 -->
	<resultMap id="selectGoodsClassMap" type="com.bwf.bean.Goods">

		<!-- 先要配置用户表自己的字段 -->
		<id column="goodsId" property="goodsId" />
		<result column="goodsName" property="goodsName" />
		<result column="goodsPrice" property="goodsPrice" />
		<result column="goodsPhoto" property="goodsPhoto" />
		<result column="goodsDescribe" property="goodsDescribe" />
		<result column="isHot" property="isHot" />
		<result column="isOut" property="isOut" />
		<result column="cid" property="cid" />
		<!-- 配置用户所对应的订单信息(一个用户对应的是多个order) -->
		<collection property="classify" ofType="com.bwf.bean.Classify">
			<id column="cid" property="cid" />
			<result column="cname" property="cname" />

		</collection>
	</resultMap>
	
	
	
	<!--类型-商品-映射  -->
	<resultMap id="selectClassGoodsMap" type="com.bwf.bean.Classify">

		<!-- 先要配置用户表自己的字段 -->
			<id column="cid" property="cid" />
			<result column="cname" property="cname" />
		
		
		<!-- 配置类型对应的商品(一个类型对应的是多个商品) -->
		<collection property="goods" ofType="com.bwf.bean.Goods">
		<id column="goodsId" property="goodsId" />
		<result column="goodsName" property="goodsName" />
		<result column="goodsPrice" property="goodsPrice" />
		<result column="goodsPhoto" property="goodsPhoto" />
		<result column="goodsDescribe" property="goodsDescribe" />
		<result column="isHot" property="isHot" />
		<result column="isOut" property="isOut" />
		<result column="cid" property="cid" />

		</collection>
	</resultMap>

	<!--注册用户 -->
	<insert id="register" parameterType="com.bwf.bean.User">
		INSERT INTO USER (name,userName,userPsw)
		VALUES (#{name},#{userName},#{userPsw})
	</insert>
	
	
	<!-- 验证用户名是否重复 -->
	<select id="selectByUserName" parameterType="com.bwf.bean.User"
		resultType="int">
		select count(*) from user where userName=#{userName}
	</select>
	
	<!-- 添加用户基本信息 -->
	<update id="upDateUser" parameterType="com.bwf.bean.User">
		update user set
		name=#{name},sex=#{sex},birthday=#{birthday},email=#{email},telephone=#{telephone} 
		where userName=#{userName}
	</update>



   

	<!-- 查询用户 -->
	<select id="selectUser" resultType="com.bwf.bean.User">
		select * from user
	</select>
	<!-- 查询滚动排 -->
	<select id="selectNotices" resultType="com.bwf.bean.Notice">
		select * from notice
	</select>
    <!-- 根据类查商品 -->
	<select id="selectCGoods" resultType="com.bwf.bean.Goods">
	select * from goods where cid=#{cid} order by cid DESC limit 10
	</select>
	
	<!-- 查看最后10个类型 -->
	<select id="selectClassify" resultMap="selectClassGoodsMap">
		select * from classify order by cid DESC limit 10
	</select>
	<!-- 查看最后3个 新品/热卖 -->
	<select id="selectGoods" resultMap="selectGoodsClassMap">
		SELECT * from goods,classify WHERE goods.cid=classify.cid and isHot="是"
		order by goodsId DESC limit 3
	</select>
	<!-- 查看最后6个 糕点 -->
	<select id="selectGoodsGaodian" resultMap="selectGoodsClassMap">
		SELECT * from goods,classify WHERE goods.cid=classify.cid and
		goods.cid=1 order by goodsId DESC limit 6
	</select>
	
	<!-- 查看最后6个 饼干 -->
	<select id="selectGoodsBinggan" resultMap="selectGoodsClassMap">
		SELECT * from goods,classify WHERE goods.cid=classify.cid and
		goods.cid=2 order by goodsId DESC limit 6
	</select>

	<!-- 登录 -->
	<select id="selectUserByNameandPsw" resultType="com.bwf.bean.User"
		parameterType="com.bwf.bean.User">
		SELECT * FROM user WHERE userName=#{userName} and userPsw=#{userPsw}
	</select>
	<!-- 修改密码 -->
	<update id="ChangePassword" parameterType="com.bwf.bean.User">
		UPDATE user SET userPsw=#{userPsw} WHERE uid=#{uid}
	</update>

	<update id="updateSession" parameterType="com.bwf.bean.User">
		UPDATE user SET session=#{session} WHERE uid=#{uid}
	</update>

</mapper>
